Mkt,Market,NIELSEN_MARKET,DMA_CODE, Total Persons 12+ , Total Men 18+ , Total Men 12-24 , Total Men 18-20 , Total Men 21-24 , Total Men 18-24 , Total Men 25-34 , Total Men 25-49 , Total Men 35-44 , Total Men 45-49 , Total Men 50-54 , Total Men 55-64 , Total Men 65+ , Total Women 18+ , Total Women 12-24 , Total Women 18-20 , Total Women 21-24 , Total Women 18-24 , Total Women 25-34 , Total Women 25-49 , Total Women 35-44 , Total Women 45-49 , Total Women 50-54 , Total Women 55-64 , Total Women 65+ , Total Teens 12-17 
546,ABILENE-SWEETWATER DMA,ABILENE - SWEETWATER,662,267300,122700,31700,8100,10900,19000,22800,51300,19600,8900,8500,18800,25100,119800,28500,7500,8900,16400,19300,45000,17500,8200,8300,19200,30900,24800
69,ALBANY-SCHENECTADY-TROY DMA,ALBANY - SCHENECTADY - TROY,532,1214800,547100,118800,31500,39200,70700,87000,208300,80600,40700,46200,98800,123100,574200,111400,29800,36200,66000,83000,205300,80700,41600,47800,104600,150500,93500
580,"ALBANY, GA DMA","ALBANY, GA",525,346800,151800,38500,9400,11900,21300,27900,64900,24800,12200,12700,23500,29400,160800,36600,8800,10800,19600,25800,63200,25200,12200,12900,26500,38600,34200
141,ALBUQUERQUE-SANTA FE DMA,ALBUQUERQUE - SANTA FE,790,1644800,731600,167800,39100,50800,89900,129900,303400,119100,54400,55500,121700,161100,760000,158800,36500,47000,83500,121600,293400,116800,55000,58100,133300,191700,153200
587,"ALEXANDRIA, LA DMA","ALEXANDRIA, LA",644,201600,92000,23900,5700,8400,14100,18600,40600,15300,6700,6800,13700,16800,90500,19700,4500,5900,10400,15600,36700,14500,6600,7200,14600,21600,19100
731,ALPENA DMA,ALPENA,583,34400,15800,2600,600,800,1400,1900,4700,1900,900,1200,3500,5000,16300,2400,600,700,1300,1700,4600,1900,1000,1200,3600,5600,2300
147,AMARILLO DMA,AMARILLO,634,455300,208700,54200,12800,17100,29900,41400,94300,36900,16000,16000,31100,37400,198900,48800,11400,14000,25400,35200,82900,32700,15000,14700,31100,44800,47700
315,ANCHORAGE DMA,ANCHORAGE,743,382900,177400,42400,9600,13700,23300,37500,82400,31000,13900,14000,29100,28600,168500,37000,8100,11000,19100,33400,76700,30000,13300,13600,28700,30400,37000
47,ATLANTA DMA,ATLANTA,524,6113800,2628800,660900,158400,196900,355300,475500,1175900,462200,238200,241100,421300,435200,2884000,642300,154400,192500,346900,495200,1254900,501700,258000,257500,464900,559800,601000
305,AUGUSTA-AIKEN DMA,AUGUSTA,520,621700,272700,65700,15900,20700,36600,50300,114100,43500,20300,21700,44600,55700,292100,59300,13600,17900,31500,48600,115500,45100,21800,23200,50600,71300,56900
135,AUSTIN DMA,"AUSTIN, TX",635,2014000,901200,224800,54700,69700,124400,174900,429700,173500,81300,75300,133100,138700,916000,215900,52600,66900,119500,162200,415500,171800,81500,74400,139100,167500,196800
143,BAKERSFIELD DMA,BAKERSFIELD,800,661300,297100,85700,19200,26500,45700,66800,145400,55200,23400,22200,41700,42100,285600,78800,17100,23100,40200,58500,131300,50300,22500,22100,42400,49600,78600
21,BALTIMORE DMA,BALTIMORE,512,2575400,1120700,250400,61800,76400,138200,203500,477100,185700,87900,97000,193700,214700,1234200,239500,59300,71900,131200,209200,501000,196700,95100,105400,215300,281300,220500
526,BANGOR DMA,BANGOR,537,304700,138200,27300,7500,8300,15800,20100,48900,18800,10000,11400,27200,34900,144100,25200,6700,7600,14300,19200,48800,19100,10500,12000,28700,40300,22400
223,BATON ROUGE DMA,BATON ROUGE,716,781500,344300,86300,20400,29200,49600,66600,152400,59000,26800,27200,54200,60900,364700,84500,19900,28800,48700,64100,151100,59600,27400,28400,59100,77400,72500
149,BEAUMONT-PORT ARTHUR DMA,BEAUMONT - PORT ARTHUR,692,392200,180000,41200,9500,13000,22500,34400,79300,30700,14200,14300,29400,34500,175700,37700,8900,11000,19900,28600,69200,27500,13100,13900,30200,42500,36500
727,"BEND, OR DMA","BEND, OR",821,172200,77300,14800,3300,4200,7500,12100,31400,13000,6300,6100,12900,19400,80700,13900,3000,4000,7000,11800,31100,12900,6400,6400,14700,21500,14200
225,BILLINGS DMA,BILLINGS,756,248500,111000,24200,5500,6900,12400,17200,42800,17500,8100,8400,20300,27100,114600,22800,5300,6400,11700,17100,42700,17700,7900,8800,21300,30100,22900
533,BILOXI-GULFPORT DMA,BILOXI - GULFPORT,746,315900,138700,34300,8500,10300,18800,24600,58200,22700,10900,11300,23300,27100,147200,30800,7200,9100,16300,25200,61000,24200,11600,12200,25000,32700,30000
227,BINGHAMTON DMA,BINGHAMTON,502,288100,130500,31200,9100,10500,19600,19600,45200,16900,8700,10100,24600,31000,135000,28900,8300,9600,17900,18700,44600,17000,8900,10400,24700,37400,22600
95,BIRMINGHAM (ANN AND TUSC) DMA,BIRMINGHAM (ANNISTON AND TUSCALOOSA),630,1631300,707500,164500,39700,51300,91000,123300,295000,114200,57500,59000,118000,144500,779900,160000,39700,49900,89600,126300,308400,121900,60200,62400,131300,188200,143900
558,BLUEFIELD-BECKLEY-OAK HILL DMA,BLUEFIELD - BECKLEY - OAK HILL,559,270900,122100,23700,5800,7000,12800,18100,46300,18200,10000,9600,21700,31700,127400,21500,4900,6100,11000,16900,44700,18100,9700,9700,23900,38100,21400
229,BOISE DMA,BOISE,757,726300,324500,81100,19000,23700,42700,57900,143000,57700,27400,25900,50200,62700,326100,75500,17000,21200,38200,55000,137500,55900,26600,26100,52200,72100,75700
13,BOSTON (MANCHESTER) DMA,BOSTON (MANCHESTER),506,5892800,2614900,575600,150400,185800,336200,453200,1081100,418500,209400,228200,457700,511700,2807700,564400,152400,181200,333600,441900,1089300,428600,218800,240400,491000,653400,470200
717,BOWLING GREEN DMA,BOWLING GREEN,736,198100,87600,23600,6200,8300,14500,15300,35900,13800,6800,6900,13700,16600,92400,23100,6600,7500,14100,14900,35900,14000,7000,7100,14800,20500,18100
37,BUFFALO DMA,BUFFALO,514,1330300,593400,127900,33100,40200,73300,102900,233400,87100,43400,48900,108900,128900,629700,122400,31900,37900,69800,97900,228800,87000,43900,51100,115600,164400,107200
505,BURLINGTON-PLATTSBURGH DMA,BURLINGTON - PLATTSBURGH,523,751300,347000,76800,23000,25600,48600,54200,128800,49300,25300,28000,64200,77400,349500,70600,21000,23000,44000,48500,120700,47500,24700,28600,66300,89900,54800
714,BUTTE-BOZEMAN DMA,BUTTE - BOZEMAN,754,172900,83400,19900,5300,8000,13300,15400,34900,13600,5900,5800,13100,16300,76400,17100,4400,6200,10600,13200,30100,11600,5300,5600,12900,17200,13100
369,CASPER-RIVERTON DMA,CASPER - RIVERTON,767,120300,54400,12300,3000,3300,6300,9200,22600,9400,4000,4100,9700,11700,54100,11500,2400,3300,5700,8800,21500,8800,3900,3900,9600,13400,11800
151,CEDAR RAPIDS-WTRLO-IWC&DUB DMA,CEDAR RAPIDS - WATERLOO & DUBUQUE,637,779400,348800,88400,22900,30100,53000,59100,139500,55200,25200,27000,57800,71500,361300,87300,24000,29400,53400,56500,134700,53300,24900,26800,58800,87600,69300
674,CHAMPAIGN&SPRNGFLD-DECATUR DMA,CHAMPAIGN & SPRINGFIELD - DECATUR,648,811900,361900,93800,25700,33000,58700,60700,141400,55200,25500,27200,59700,74900,381100,88700,24300,30600,54900,58500,139400,54700,26200,27700,63500,95600,68900
231,"CHARLESTON, SC DMA","CHARLESTON, SC",519,803800,352700,77800,19300,23900,43200,66500,153600,59900,27200,28200,56400,71300,383000,71900,17200,21200,38400,68000,159400,62400,29000,30800,65400,89000,68100
153,CHARLESTON-HUNTINGTON DMA,CHARLESTON-HUNTINGTON,564,942800,420100,88000,20900,26700,47600,64700,163600,64500,34400,34900,75000,99000,443400,82200,18600,24700,43300,61400,161400,65000,35000,36500,80700,121500,79300
93,CHARLOTTE DMA,CHARLOTTE,517,2885300,1257500,294600,69800,88100,157900,220000,546900,213800,113100,115700,206900,230100,1359000,284700,68000,84600,152600,223000,567700,225900,118800,121000,222600,295100,268800
553,CHARLOTTESVILLE DMA,CHARLOTTESVILLE,584,191900,83300,21100,6000,7500,13500,14000,33200,13300,5900,6500,12800,17300,93700,22400,6700,8400,15100,14400,34900,14000,6500,6800,15100,21800,14900
181,CHATTANOOGA DMA,CHATTANOOGA,575,854500,377200,82900,20000,24800,44800,63600,154300,59900,30800,32400,63600,82100,402900,79200,19300,23600,42900,62400,154600,60700,31500,33700,68800,102900,74400
560,CHEYENNE-SCOTTSBLUFF DMA,CHEYENNE - SCOTTSBLUFF,759,129900,59200,13400,3300,4100,7400,10800,25000,9700,4500,4400,9700,12700,58700,12300,2800,3500,6300,9800,22900,9100,4000,4400,10000,15100,12000
5,CHICAGO DMA,CHICAGO,602,8218800,3618200,836900,197400,256000,453400,671900,1615500,637700,305900,310200,596100,643000,3847800,803900,187800,246800,434600,660300,1621000,646800,313900,322000,637200,833000,752800
508,CHICO-REDDING DMA,CHICO - REDDING,868,452000,203000,47300,11300,16600,27900,34900,78000,29700,13400,14400,33600,49100,210900,45000,10800,15500,26300,32900,75300,28800,13600,15100,36600,57600,38100
31,CINCINNATI DMA,CINCINNATI,515,2044500,897700,214900,52700,64100,116800,155800,374600,146400,72400,77100,156100,173100,954200,205600,50100,61000,111100,155100,379500,150000,74400,79900,165900,217800,192600
704,CLARKSBURG-WESTON DMA,CLARKSBURG - WESTON,598,231300,106300,22100,5700,6900,12600,16300,40600,15700,8600,8900,18500,25700,106800,20200,5300,6200,11500,14800,37500,14900,7800,8800,18700,30300,18200
19,CLEVELAND-AKRON (CANTON) DMA,CLEVELAND,510,3287600,1443800,320700,77500,99400,176900,236700,563800,216800,110300,120800,262200,320100,1562100,307400,73900,95600,169500,234900,571200,221500,114800,127200,283300,410900,281700
233,COLORADO SPRINGS-PUEBLO DMA,COLORADO SPRINGS-PUEBLO,752,878600,404300,98800,24400,33000,57400,80300,179700,68400,31000,30500,62700,74000,393600,85100,20100,25700,45800,69500,161900,63000,29400,30900,67000,88000,80700
564,COLUMBIA-JEFFERSON CITY DMA,COLUMBIA - JEFFERSON CITY,604,417100,188300,48700,12600,17900,30500,33600,77600,30100,13900,14300,29800,36100,193100,47900,13200,17200,30400,31800,73900,28500,13600,14200,30700,43900,35700
183,"COLUMBIA, SC DMA","COLUMBIA, SC",546,963700,418600,108400,28500,35900,64400,76200,173000,64900,31900,33400,66700,81100,458800,101200,26100,32800,58900,76300,181300,70300,34700,36800,77000,104800,86300
700,COLUMBUS-TUPELO-W PNT-HSTN DMA,COLUMBUS - TUPELO - WEST POINT,673,417400,180600,47800,12100,15900,28000,31000,71900,27400,13500,14500,29200,37000,198000,45300,11400,14900,26300,31400,75300,29300,14600,15600,32200,48600,38800
235,"COLUMBUS, GA (OPELIKA, AL) DMA","COLUMBUS, GA",522,502800,223000,60800,15400,22400,37800,43800,95600,35100,16700,17200,33300,39100,234700,54600,13700,18800,32500,41400,95600,36400,17800,18200,37200,51200,45100
45,"COLUMBUS, OH DMA","COLUMBUS, OH",535,2229600,992900,236600,60200,73000,133200,191200,447000,172300,83500,83300,158200,171200,1034600,224600,57900,68000,125900,187500,440900,171500,81900,83700,166400,217700,202100
155,CORPUS CHRISTI DMA,CORPUS CHRISTI,600,507000,228400,58400,13300,18900,32200,44600,101400,39700,17100,17300,34300,43200,227900,53600,12400,16700,29100,39500,93200,36700,17000,17300,36000,52300,50700
24,DALLAS-FT. WORTH DMA,DALLAS - FORT WORTH,623,6961500,3038200,770700,176500,224200,400700,578100,1420400,567900,274400,269600,478100,469400,3197100,741900,169400,216300,385700,579000,1448500,585900,283600,275000,500000,587900,726200
157,DAVENPORT-R.ISLAND-MOLINE DMA,DAVENPORT - ROCK ISLAND - MOLINE,682,644800,288200,63200,15000,18700,33700,44500,111200,44800,21900,23300,51700,68300,299100,59800,14400,17400,31800,42400,107400,43800,21200,23500,53400,83000,57500
67,DAYTON DMA,DAYTON,542,1032200,452700,105000,26100,31700,57800,75100,177600,68500,34000,37500,79500,100300,487700,100000,25100,30300,55400,75100,180700,70300,35300,38900,85100,127600,91800
35,DENVER DMA,DENVER,751,3997700,1820300,406600,98300,126400,224700,363400,853000,334500,155100,147800,284500,310300,1822100,383600,92300,117900,210200,338300,805200,318100,148800,145700,294000,367000,355300
71,DES MOINES-AMES DMA,DES MOINES - AMES,679,1011100,453100,117000,30400,37600,68000,77700,189000,76200,35100,35600,73700,86800,463200,106700,28100,32800,60900,74900,183400,74500,34000,35500,75200,108200,94800
11,DETROIT DMA,DETROIT,505,4214700,1852500,422200,100300,133400,233700,324400,759000,285000,149600,163400,329500,366900,1992900,404400,95700,127900,223600,318600,773400,296600,158200,172100,353200,470600,369300
501,DOTHAN DMA,DOTHAN,606,221400,96000,21800,4900,6400,11300,16200,39100,15100,7800,8200,16100,21300,105000,20400,4500,6000,10500,16400,40900,16300,8200,8500,17800,27300,20400
159,DULUTH-SUPERIOR DMA,DULUTH - SUPERIOR,676,367100,170600,35500,9200,11600,20800,25200,61300,24100,12000,12700,33100,42700,168000,33000,8700,10500,19200,22400,56000,22600,11000,12300,32900,47600,28500
161,EL PASO (LAS CRUCES) DMA,EL PASO,765,885700,383700,113700,26300,38600,64900,82100,176800,65300,29400,27800,51900,62300,405300,106500,23900,34700,58600,75900,173900,66000,32000,31200,60900,80700,96700
705,ELMIRA (CORNING) DMA,ELMIRA,565,204400,92100,19100,4500,5800,10300,13900,34300,13400,7000,7800,17400,22300,95100,18300,4600,5300,9900,13200,33200,13300,6700,7900,17800,26300,17200
239,ERIE DMA,ERIE,516,339800,152100,34700,9400,10500,19900,24600,57400,21700,11100,12300,27900,34600,159000,32700,9000,9800,18800,23600,56900,21900,11400,12500,28800,42000,28700
241,EUGENE DMA,EUGENE,801,576600,261700,60500,15800,23000,38800,43800,98900,37700,17400,18000,41100,64900,272200,57600,15300,21300,36600,41800,96500,37200,17500,18600,46200,74300,42700
713,EUREKA DMA,EUREKA,802,142400,65900,14700,3700,5300,9000,12100,28200,11200,4900,4500,10200,14000,65300,14400,3700,5200,8900,10700,24800,9800,4300,4200,11200,16200,11200
185,EVANSVILLE DMA,EVANSVILLE,649,627800,278700,63300,14800,19200,34000,45300,110900,44000,21600,23000,50300,60500,292000,59300,14100,17400,31500,44000,108900,43500,21400,23300,52600,75700,57100
734,FAIRBANKS DMA,FAIRBANKS,745,81100,40500,11500,2800,5000,7800,10300,19500,6600,2600,2500,5300,5400,33500,7800,1900,2500,4400,7900,16200,5900,2400,2400,5200,5300,7100
187,FARGO DMA,FARGO - VALLEY CITY,724,551000,253900,63100,16600,22200,38800,46200,103700,40200,17300,17800,42100,51500,249000,59800,15500,20500,36000,41300,94300,36400,16600,17800,40400,60500,48100
163,FLINT-SAGINAW-BAY CITY DMA,FLINT - SAGINAW - BAY CITY,513,976700,433300,99000,24900,31700,56600,68500,163000,62000,32500,35900,78900,98900,460600,95600,24200,31000,55200,66300,162000,62400,33300,37200,84100,122100,82800
554,MYRTLE BEACH-FLORENCE DMA,FLORENCE - MYRTLE BEACH,570,705400,305500,66000,15900,19800,35700,49100,117500,45100,23300,24400,51900,76000,340200,64000,15200,19400,34600,50100,123600,48300,25200,26800,62100,93100,59700
515,FT. MYERS-NAPLES DMA,FORT MYERS - NAPLES,571,1281400,584200,96000,22200,29300,51500,75800,185200,72200,37200,41100,92000,214400,610700,89300,20500,26800,47300,70400,178700,70400,37900,43400,107100,234200,86500
589,FT. SMITH-FAY-SPRNGDL-RGRS DMA,FORT SMITH - FAYETTEVILLE - SPRINGDALE - ROGERS,670,755900,334800,86000,20900,26500,47400,61400,148000,59400,27200,27200,50800,61400,345900,81300,19800,24900,44700,59900,145400,58200,27300,27400,53100,75300,75200
165,FT. WAYNE DMA,FORT WAYNE,509,618700,271300,66700,15800,19700,35500,45900,110900,43400,21600,22700,47500,54700,285600,63800,14600,18600,33200,46200,111700,43700,21800,23200,48400,69100,61800
89,FRESNO-VISALIA DMA,FRESNO - VISALIA,866,1690100,743400,211700,47900,63000,110900,158900,352800,134700,59200,57100,104800,117800,749000,200800,44600,59300,103900,148800,337300,130400,58100,56900,109200,141700,197700
550,GAINESVILLE DMA,GAINESVILLE,592,307600,138500,40500,11200,18000,29200,26500,55100,19800,8800,8800,18900,26500,146700,40700,11600,18000,29600,25800,54200,19600,8800,9400,21400,32100,22400
732,GLENDIVE DMA,GLENDIVE,798,8100,3800,800,200,200,400,600,1500,600,300,200,800,900,3600,700,200,200,400,400,1200,600,200,200,700,1100,700
511,GRAND JUNCTION-MONTROSE DMA,GRAND JUNCTION - MONTROSE,773,169500,75800,17000,4400,5000,9400,12200,29500,12000,5300,5500,12900,18500,78800,15900,3900,4700,8600,11900,28700,11500,5300,5700,14100,21700,14900
127,GRAND RAPIDS-KALMZOO-B.CRK DMA,GRAND RAPIDS - KALAMAZOO - BATTLE CREEK,563,1777600,791300,195700,47200,62600,109800,141800,330100,127600,60700,64200,133300,153900,818200,187600,45600,59800,105400,137000,323400,126000,60400,64600,138000,186800,168100
243,GREAT FALLS DMA,GREAT FALLS,755,140600,63900,14700,3400,4600,8000,11300,25200,9500,4400,4300,11300,15100,63600,12900,2800,3700,6500,10600,23900,9000,4300,4600,11200,17400,13100
245,GREEN BAY-APPLETON DMA,GREEN BAY - APPLETON,658,986600,447200,96600,23300,28900,52200,70000,174900,70400,34500,38300,84800,97000,452500,92600,22400,27700,50100,65700,166200,67000,33500,38300,84000,113900,86900
166,GREENSBORO-H.POINT-W.SALEM DMA,GREENSBORO - HIGH POINT - WINSTON-SALEM,518,1586900,684400,158400,39900,47000,86900,110500,270800,102700,57600,61500,120400,144800,761700,157800,42000,46500,88500,115800,288100,111700,60600,65600,130600,188900,140800
361,GREENVILLE-N.BERN-WASHNGTN DMA,GREENVILLE - NEW BERN - WASHINGTON,545,704600,324500,96600,26300,40200,66500,60900,128100,45900,21300,21300,46400,62200,321000,71900,17300,25600,42900,54300,122500,46100,22100,23500,53400,78700,59100
191,GREENVLL-SPART-ASHEVLL-AND DMA,GREENVILLE - SPARTANSBURG - ASHEVILLE - ANDERSON,567,2047400,895700,198000,49500,60100,109600,144500,351300,135400,71400,74900,151000,208900,978600,191100,48700,57700,106400,147600,363600,142100,73900,78700,168100,261800,173100
706,GREENWOOD-GREENVILLE DMA,GREENWOOD - GREENVILLE,647,144700,63000,16000,3700,5200,8900,12900,27500,10000,4600,4800,9900,11900,67800,15100,3700,4600,8300,11000,26200,10100,5100,5400,11600,16300,13900
269,HARLINGEN-WSLCO-BRNSVL-MCA DMA,HARLINGEN - WESLACO - BROWNSVILLE - MCALLEN,636,1106100,461700,152600,34300,44400,78700,95200,217700,83100,39400,34800,57200,73300,498100,147300,32700,42200,74900,92900,223500,87100,43500,39200,66900,93600,146300
119,HARRISBURG-LNCSTR-LEB-YORK DMA,HARRISBURG - LANCASTER - LEBANON - YORK,566,1752400,776300,172600,42200,51000,93200,126700,307600,120200,60700,66300,135700,173500,821000,164900,40400,48800,89200,124200,306900,121400,61300,67500,143100,214300,155100
720,HARRISONBURG DMA,HARRISONBURG,569,233400,103900,26400,7300,9700,17000,16400,39700,15800,7500,8100,16800,22300,111200,29000,9400,10700,20100,15600,38300,15200,7500,8000,17600,27200,18300
61,HARTFORD & NEW HAVEN DMA,HARTFORD & NEW HAVEN,533,2296500,1018300,230000,59600,74700,134300,169300,399500,152900,77300,88100,184300,212100,1091000,217500,57400,68600,126000,160600,400600,157500,82500,94100,198200,272100,187200
522,HATTIESBURG-LAUREL DMA,HATTIESBURG - LAUREL,710,250800,107500,26900,6400,8300,14700,19500,45700,17600,8600,8600,17100,21400,119300,27300,6900,8600,15500,20400,48200,19100,8700,9100,19300,27200,24000
729,HELENA DMA,HELENA,766,65200,29300,6000,1400,1800,3200,4300,11000,4700,2000,2300,5700,7100,30400,5800,1400,1700,3100,4400,11000,4500,2100,2500,6000,7800,5500
99,HONOLULU DMA,HONOLULU,744,1213200,555900,116500,27500,38500,66000,102700,238900,94100,42100,42700,87800,120500,559000,102600,23600,31200,54800,93000,225300,90600,41700,43000,90900,145000,98300
33,HOUSTON DMA,HOUSTON,618,6227300,2746300,698600,158700,204900,363600,540500,1314400,527400,246500,233000,420400,414900,2824400,666800,149200,196000,345200,523700,1300100,529100,247300,236600,439200,503300,656600
327,HUNTSVILLE-DECATUR (FLOR) DMA,HUNTSVILLE - DECATUR (FLORENCE),691,904900,399200,90200,21600,27200,48800,67100,162200,63000,32100,35200,70700,82300,424600,85800,20100,26000,46100,65800,163100,63900,33400,36500,74700,104200,81100
703,IDAHO FALS-POCATLLO(JCKSN) DMA,IDAHO FALLS - POCATELLO,758,328100,144900,41200,9400,12800,22200,27200,63900,25900,10800,10000,21500,27300,145300,41300,9400,13000,22400,25500,61300,25400,10400,10100,21500,30000,37900
49,INDIANAPOLIS DMA,INDIANAPOLIS,527,2611000,1148000,284400,70000,89300,159300,203600,490400,192800,94000,97200,188500,212600,1217900,273100,67400,85700,153100,203500,494500,196100,94900,99000,200500,270800,245100
169,"JACKSON, MS DMA","JACKSON, MS",718,768400,328600,83100,20200,24800,45000,59000,140100,55900,25200,26400,53900,63200,364800,80200,19700,23600,43300,60300,146900,58800,27800,28900,61100,84600,75000
710,"JACKSON, TN DMA","JACKSON, TN",639,209900,90000,21600,5700,6300,12000,14000,34200,13300,6900,7700,15400,20700,100900,21200,5700,6100,11800,15000,37200,14600,7600,7900,17600,26400,19000
107,JACKSONVILLE DMA,"JACKSONVILLE, BRUNSWICK",561,1701800,755100,166800,38900,51600,90500,138300,323100,124800,60000,62700,125700,153100,797300,154100,34800,46200,81000,134100,322800,127100,61600,66200,139000,188300,149400
219,JOHNSTOWN-ALTOONA-ST COLGE DMA,JOHNSTOWN - ALTOONA,574,650700,305800,73100,21200,27700,48900,46200,112300,43900,22200,24000,52900,67700,297300,64800,19000,22400,41400,39000,97700,38600,20100,22900,52000,83300,47600
709,JONESBORO DMA,JONESBORO,734,188100,82200,19900,5100,5700,10800,14900,35000,13600,6500,6700,12700,17000,88300,18700,4600,5600,10200,15100,35500,13800,6600,6900,13900,21800,17600
534,JOPLIN-PITTSBURG DMA,JOPLIN - PITTSBURG,603,336100,148000,37500,9300,11500,20800,24300,58500,23000,11200,11700,24700,32300,155500,35000,8500,10600,19100,23800,58200,22800,11600,12000,26200,40000,32600
737,JUNEAU DMA,JUNEAU,747,27600,12800,2700,600,900,1500,2300,5600,2300,1000,1100,2400,2200,12500,2500,700,700,1400,2300,5400,2100,1000,1100,2200,2400,2300
41,KANSAS CITY DMA,KANSAS CITY,616,2180500,959600,232700,55900,71400,127300,173200,418000,168100,76700,79100,156300,178900,1014000,222800,53300,68000,121300,170600,418300,169300,78400,80500,168200,225700,206900
121,KNOXVILLE DMA,KNOXVILLE,557,1216100,539900,116300,28100,36600,64700,87000,210300,80600,42700,45700,92600,126600,575600,109800,26500,34300,60800,85600,211400,81900,43900,47800,101600,154000,100600
559,LA CROSSE-EAU CLAIRE DMA,LA CROSSE - EAU CLAIRE,702,489400,222800,54600,14200,18400,32600,36000,85200,33400,15800,17700,38900,48400,223500,55100,15200,18800,34000,32400,78700,31400,14900,16700,38500,55600,43100
595,"LAFAYETTE, IN DMA","LAFAYETTE, IN",582,175600,82000,32400,10300,14500,24800,15200,31700,11500,5000,5000,9500,11000,78800,26400,8300,10900,19200,14300,30300,10900,5100,5000,10200,14100,14800
253,"LAFAYETTE, LA DMA","LAFAYETTE, LA",642,530900,230700,56000,12900,16600,29500,44500,101500,39500,17500,18400,38500,42800,248100,53400,12000,15800,27800,44800,104100,40700,18600,20100,42200,53900,52100
584,LAKE CHARLES DMA,LAKE CHARLES,643,230500,103000,24300,5500,7400,12900,20400,46200,17800,8000,8100,16500,19300,105400,22500,5200,6600,11800,18900,43600,16900,7800,8200,17800,24000,22100
195,LANSING DMA,LANSING,551,596200,267600,70200,19300,25400,44700,46800,106400,40300,19300,20700,43500,52300,278600,68300,19400,24400,43800,44400,103300,39500,19400,21400,46300,63800,50000
721,LAREDO DMA,LAREDO,749,230700,96200,32600,7400,9400,16800,20500,47100,17900,8700,7500,12100,12700,103300,31600,7100,9100,16200,20100,48100,18600,9400,8600,13700,16700,31200
257,LAS VEGAS DMA,LAS VEGAS,839,1991600,895400,194600,43700,58200,101900,166400,407600,163100,78100,77100,138200,170600,914400,185000,40700,55200,95900,163900,403400,161700,77800,76100,142000,197000,181800
259,LEXINGTON DMA,LEXINGTON,541,1129100,500700,120700,31300,39400,70700,86200,208100,80900,41000,42400,81900,97600,530200,117200,31100,37900,69000,84100,206700,81100,41500,43800,87900,122800,98200
719,LIMA DMA,LIMA,558,153400,69200,16800,4100,5000,9100,11400,27100,10500,5200,5600,12500,14900,69400,14900,3400,4400,7800,10200,25300,10100,5000,5600,12300,18400,14800
261,LINCOLN & HASTINGS-KRNY DMA,LINCOLN & HASTINGS - KEARNEY,722,625700,282800,73700,19200,24100,43300,48700,114400,45100,20600,20400,45600,59100,284100,69500,18300,22800,41100,44300,106000,42700,19000,20100,46100,70800,58800
123,LITTLE ROCK-PINE BLUFF DMA,LITTLE ROCK - PINE BLUFF,693,1259500,554700,130100,32200,40600,72800,95600,227000,88700,42700,44700,90800,119400,591900,124000,30100,38300,68400,94400,228500,89900,44200,47000,98700,149300,112900
3,LOS ANGELES DMA,LOS ANGELES,803,15770400,7012600,1618000,376300,508900,885200,1421900,3270200,1250800,597500,601600,1090700,1164900,7320300,1554300,360100,489500,849600,1359400,3216900,1244100,613400,618500,1157100,1478200,1437500
55,LOUISVILLE DMA,LOUISVILLE,529,1522600,671900,151600,35700,45900,81600,115700,282200,111600,54900,57900,116900,133300,713800,142700,33100,42700,75800,115100,284300,112700,56500,59700,124900,169100,136900
263,LUBBOCK DMA,LUBBOCK,651,396400,177700,55400,14800,20100,34900,36200,77700,29200,12300,11900,24300,28900,178200,51600,13200,18400,31600,32500,72600,27900,12200,12600,25400,36000,40500
265,MACON DMA,MACON,503,574300,255400,61900,14900,19700,34600,46100,107600,41200,20300,21200,42900,49100,265700,58100,14600,17600,32200,42300,102800,40500,20000,21600,45700,63400,53200
171,MADISON DMA,MADISON,669,883200,401000,96600,24500,33700,58200,72200,169100,66400,30500,31700,65800,76200,407100,91100,23000,31400,54400,67200,161500,64300,30000,31800,68000,91400,75100
728,MANKATO DMA,MANKATO,737,106500,48500,13900,3900,5500,9400,8100,18200,7100,3000,3200,7600,10100,49100,13500,3800,5300,9100,7400,16800,6400,3000,3200,7800,12200,8900
712,MARQUETTE DMA,MARQUETTE,553,186600,88500,21100,5800,8000,13800,12300,28900,11300,5300,6500,16100,23200,84100,17300,4500,6100,10600,10500,26100,10400,5200,6000,16400,25000,14000
339,MEDFORD-KLAMATH FALLS DMA,MEDFORD - KLAMATH FALLS,813,393500,176500,33500,7700,9900,17600,26100,63300,25100,12100,12900,31000,51700,185800,31600,7000,9300,16300,25400,62700,25100,12200,13200,35100,58500,31200
75,MEMPHIS DMA,MEMPHIS,640,1519800,652000,163900,38700,50500,89200,121900,283000,108100,53000,54300,106600,118900,720900,158500,38000,48300,86300,123300,296600,116300,57000,59500,120300,158200,146900
588,MERIDIAN DMA,MERIDIAN,711,148400,63300,16500,4100,5000,9100,10700,24900,9300,4900,4900,10600,13800,70700,15700,3700,5000,8700,10700,26200,10200,5300,5500,11800,18500,14400
429,MIAMI-FT. LAUDERDALE DMA,MIAMI - FORT LAUDERDALE,528,4226900,1871800,374400,86000,116600,202600,331300,827900,329100,167500,174100,310200,357000,2017400,359000,81300,111800,193100,324100,829900,333300,172500,180500,338500,475400,337700
43,MILWAUKEE DMA,MILWAUKEE,617,1995400,882600,204400,49700,61300,111000,151900,366700,145200,69600,75200,157600,172100,930100,195400,47500,58600,106100,149300,366800,147100,70400,77200,164700,215300,182700
27,MINNEAPOLIS-ST. PAUL DMA,MINNEAPOLIS - SAINT PAUL,613,4124200,1847800,419700,100600,124800,225400,327000,792500,318600,146900,155800,320300,353800,1895300,403100,96900,119400,216300,314200,772100,313400,144500,155700,327100,424100,381100
540,MINOT-BSMRCK-DCKNSN(WLSTN) DMA,MINOT - BISMARCK - DICKINSON,687,346700,162200,36900,9000,11700,20700,32400,71500,27300,11800,11600,27500,30900,152100,33300,7200,9900,17100,27100,62300,24600,10600,10200,26700,35800,32400
707,MISSOULA DMA,MISSOULA,762,277100,126200,27100,6600,8800,15400,20000,48200,19300,8900,9000,21900,31700,128400,25300,6100,8400,14500,19500,47100,18900,8700,9500,23900,33400,22500
133,MOBILE-PENSACOLA (FT WALT) DMA,MOBILE - PENSACOLA (FORT WALTON BEACH),686,1283000,571100,130100,32100,40900,73000,105200,237900,89800,42900,45300,95000,119900,599600,119300,28100,36000,64100,98700,233900,90700,44500,48200,105100,148300,112300
585,MONROE-EL DORADO DMA,MONROE - EL DORADO,628,390900,173000,44600,11200,14900,26100,31800,71700,26900,13000,12800,27400,35000,181500,41200,10400,12900,23300,29100,69600,27600,12900,13900,30000,44700,36400
283,MONTEREY-SALINAS DMA,MONTEREY - SALINAS,828,656100,297300,76800,19700,25000,44700,55700,130800,51100,24000,23300,45400,53100,295700,74500,19600,23900,43500,50500,119700,46900,22300,22600,46900,63000,63100
173,MONTGOMERY-SELMA DMA,MONTGOMERY (SELMA),698,528100,225300,55900,13800,17800,31600,40000,91700,34400,17300,18100,37300,46600,255400,54200,13400,17700,31100,41400,99500,38600,19500,20300,43100,61400,47400
73,NASHVILLE DMA,NASHVILLE,659,2546000,1124200,266100,64000,83000,147000,215100,501000,191900,94000,95000,178100,203100,1188600,249900,58800,77000,135800,215100,508000,197100,95800,97500,194100,253200,233200
53,NEW ORLEANS DMA,NEW ORLEANS,622,1504800,655600,143900,33600,42600,76200,121100,283900,111900,50900,53600,112200,129700,716100,139600,32700,41500,74200,128300,298800,117000,53500,57500,122900,162700,133100
1,NEW YORK DMA,NEW YORK,501,18291200,8004800,1724400,407100,534800,941900,1513900,3546300,1364300,668100,698100,1333000,1485500,8751600,1669800,395200,522300,917500,1522800,3633400,1407000,703600,747600,1460200,1992900,1534800
109,NORFOLK-PORTSMTH-NEWPT NWS DMA,NORFOLK - PORTSMOUTH - NEWPORT NEWS,544,1673200,746900,182300,46500,63700,110200,148500,323400,121200,53700,56900,120200,136200,785000,161300,40900,51200,92100,138200,319200,124000,57000,62700,134600,176400,141300
730,NORTH PLATTE DMA,NORTH PLATTE,740,31400,13900,3100,700,800,1500,2100,5200,2100,1000,1200,2600,3400,14400,2900,600,800,1400,2000,5400,2300,1100,1100,2400,4100,3100
561,ODESSA-MIDLAND DMA,ODESSA - MIDLAND,633,400600,184700,47300,10900,14300,25200,42000,91600,35100,14500,14200,26600,27100,172600,42900,9400,12300,21700,35200,79200,31100,12900,12900,26300,32500,43300
83,OKLAHOMA CITY DMA,OKLAHOMA CITY,650,1642200,728100,187600,45900,60400,106300,137700,321500,128000,55800,55300,112500,132500,755000,175900,43300,54800,98100,133800,315300,126300,55200,56300,119500,165800,159100
85,OMAHA DMA,OMAHA,652,970900,430300,103800,24400,29400,53800,78200,189400,76800,34400,35500,70800,80800,443400,98600,23100,28300,51400,74600,183900,75400,33900,35100,73200,99800,97200
131,ORLANDO-DAYTONA BCH-MELBRN DMA,ORLANDO - DAYTONA BEACH - MELBOURNE,534,3863500,1713600,345800,82000,107400,189400,294000,689800,265700,130100,136600,275500,422300,1842600,333700,78100,104700,182800,285900,697000,274100,137000,144800,311700,506300,307300
725,OTTUMWA-KIRKSVILLE DMA,OTTUMWA - KIRKSVILLE,631,107900,49400,12700,3700,4500,8200,8000,18000,6700,3300,3700,8300,11200,49500,12100,3500,4100,7600,6900,16600,6500,3200,3400,8400,13500,9000
671,PADUCAH-CAPE GIRARD-HARSBG DMA,PADUCAH - CAPE GIRARDEAU - HARRISBURG - MT VERNON,632,833500,373900,85600,20900,28000,48900,61100,145600,56300,28200,29900,63300,86200,388600,80400,20200,25900,46100,56400,138700,54000,28300,29900,67200,106700,71000
592,PALM SPRINGS DMA,PALM SPRINGS,804,407500,180000,46500,10600,14000,24600,34800,81100,31500,14800,14800,27200,32300,184500,44600,10100,13400,23500,33400,79700,31300,15000,15000,27800,38500,43000
573,PANAMA CITY DMA,PANAMA CITY,656,353400,169300,32300,7300,11000,18300,30700,72400,28300,13400,13800,28500,36300,156600,27500,6100,7900,14000,23800,58200,22800,11600,12900,29100,42400,27500
539,PARKERSBURG DMA,PARKERSBURG,597,130700,58500,11700,2900,3600,6500,8600,21800,8600,4600,4900,11000,14300,61900,11300,2900,3300,6200,8300,21600,8600,4700,4900,11500,17700,10300
137,PEORIA-BLOOMINGTON DMA,PEORIA - BLOOMINGTON,675,533500,236300,57700,14900,18800,33700,39400,96100,38500,18200,18900,38800,48800,250000,57100,15700,18200,33900,38500,94600,37800,18300,19000,41200,61300,47200
7,PHILADELPHIA DMA,PHILADELPHIA,504,7022500,3072000,697200,174000,214000,388000,553700,1291500,495700,242100,261900,528800,601800,3344100,673200,170600,205400,376000,549200,1317000,512200,255600,280600,579800,790700,606400
57,PHOENIX (PRESCOTT) DMA,PHOENIX,753,4949700,2208200,519700,122100,158800,280900,405500,954900,373600,175800,174500,332500,465400,2273000,492000,115000,147300,262300,381300,921100,363400,176400,178100,361100,550400,468500
23,PITTSBURGH DMA,PITTSBURGH,508,2444900,1098500,222800,58200,72300,130500,182300,428600,165600,80700,87900,201800,249700,1166000,212200,56200,67900,124100,171400,413800,161800,80600,91200,214200,322700,180400
197,PORTLAND-AUBURN DMA,PORTLAND - AUBURN,500,892300,400200,77300,19400,23600,43000,58900,146800,57700,30200,34500,78300,97600,425200,73500,18600,22300,40900,57300,147300,58900,31100,36100,83900,117000,66900
51,"PORTLAND, OR DMA","PORTLAND, OR",820,3014400,1350600,284000,65300,84700,150000,247200,606000,243000,115800,111400,216000,267200,1401900,271500,62300,81300,143600,242000,598200,242100,114100,111300,228000,320800,261900
724,PRESQUE ISLE DMA,PRESQUE ISLE,552,58400,26600,5000,1200,1600,2800,3200,8500,3400,1900,2200,5600,7500,27600,4500,1100,1400,2500,3100,8400,3400,1900,2300,5600,8800,4200
77,PROVIDENCE-NEW BEDFORD DMA,PROVIDENCE - NEW BEDFORD,521,1419800,626900,139200,37200,44400,81600,108500,254400,97200,48700,54100,110100,126700,679700,136400,38000,42800,80800,105800,256300,99200,51300,57800,120200,164600,113200
702,QUINCY-HANNIBAL-KEOKUK DMA,QUINCY - HANNIBAL - KEOKUK,717,221800,101400,23700,6100,8100,14200,15700,37800,14600,7500,7800,17800,23800,101800,21600,5700,6800,12500,14000,34800,13900,6900,7700,17800,29000,18600
115,RALEIGH-DURHAM (FAYETVLLE) DMA,RALEIGH - DURHAM (FAYETTEVILLE),560,2809300,1223500,300200,75200,92400,167600,226000,543000,212000,105000,105100,192300,215500,1325700,283000,71100,84400,155500,226800,560600,222700,111100,111800,215100,282700,260100
545,RAPID CITY DMA,RAPID CITY,764,229000,104300,23600,5800,7000,12800,17300,40500,15800,7400,7300,19100,24600,103500,21100,4700,6000,10700,16300,38700,15200,7200,7500,19600,27000,21200
275,RENO DMA,RENO,811,669400,312800,63200,14700,19700,34400,56300,129400,49300,23800,25200,53700,70100,300500,57600,12900,17400,30300,49400,116800,45800,21600,24100,53800,75500,56100
105,RICHMOND-PETERSBURG DMA,RICHMOND - PETERSBURG,556,1347200,592700,134400,32700,42500,75200,100000,246100,97900,48200,50800,101100,119500,638200,129900,32200,40600,72800,96900,246100,99700,49500,53600,113000,152700,116300
277,ROANOKE-LYNCHBURG DMA,ROANOKE - LYNCHBURG,573,1005300,449500,106900,30300,37300,67600,68700,161500,60100,32700,36400,78000,106000,479400,100400,29500,33800,63300,66400,160700,60800,33500,38000,84000,133400,76400
532,ROCHESTR-MASON CITY-AUSTIN DMA,ROCHESTER - MASON CITY - AUSTIN,611,318600,140900,31300,7100,8900,16000,22400,56200,23400,10400,11400,25700,31600,147700,29700,6600,8400,15000,22400,55900,23300,10200,11300,26100,39400,30000
79,"ROCHESTER, NY DMA","ROCHESTER, NY",538,927100,408900,93100,24900,29100,54000,70900,160600,60000,29700,34000,73100,87200,441000,90800,24400,28300,52700,69500,163800,62600,31700,36400,78600,109500,77200
279,ROCKFORD DMA,ROCKFORD,610,396700,176000,39400,8900,11800,20700,28000,68900,26900,14000,15400,31700,39300,184000,37600,8600,11000,19600,27300,68600,27300,14000,15400,32500,47900,36700
65,SACRAMNTO-STKTON-MODESTO DMA,SACRAMENTO - STOCKTON - MODESTO,862,3730800,1644600,396600,92000,120900,212900,306700,721300,283400,131200,133900,264000,312500,1726000,378600,86700,115400,202100,296200,712700,282800,133700,138200,285800,387200,360200
715,ST. JOSEPH DMA,SAINT JOSEPH,638,107700,50900,11200,2700,3700,6400,9800,22500,8700,4000,4100,8400,9500,47500,9900,2400,3000,5400,7600,18100,7100,3400,3600,8300,12100,9300
17,ST. LOUIS DMA,SAINT LOUIS,609,2727500,1202700,266600,62900,81300,144200,209300,500400,197900,93200,100200,214500,243400,1285700,250200,58600,74900,133500,207100,504100,200400,96600,104700,229300,314100,239100
271,SALISBURY DMA,SALISBURY,576,392100,173600,35500,9100,11200,20300,25200,59000,22500,11300,12900,31200,50200,188600,34800,9200,10900,20100,24900,59800,22900,12000,13700,36000,59000,29900
101,SALT LAKE CITY DMA,SALT LAKE CITY,770,2753900,1211700,366200,84600,112600,197200,248400,582300,235800,98100,86200,160300,185700,1212700,347900,80200,107200,187400,238100,562700,229400,95200,84100,165000,213500,329500
548,SAN ANGELO DMA,SAN ANGELO,661,131200,59200,15300,3900,4900,8800,11500,25100,9500,4100,4000,8600,12700,59500,13500,3600,3900,7500,10300,23500,9000,4200,4200,9400,14900,12500
59,SAN ANTONIO DMA,SAN ANTONIO,641,2427800,1070800,278200,66200,86000,152200,214400,493700,192200,87100,85500,156800,182600,1109400,259100,60100,77400,137500,201000,482800,191600,90200,89200,171000,228900,247600
63,SAN DIEGO DMA,SAN DIEGO,825,2873100,1318600,305900,76700,106300,183000,282500,621500,234900,104100,102900,193900,217300,1313600,265400,63300,84100,147400,254200,586400,227900,104300,104700,203800,271300,240900
9,SAN FRANCISCO-OAK-SAN JOSE DMA,SAN FRANCISCO - OAKLAND - SAN JOSE,807,6644100,3015600,584000,136800,176700,313500,596900,1411400,551200,263300,261500,480900,548300,3097800,560700,131700,168800,300500,552100,1355500,542500,260900,260200,499800,681800,530700
591,SANTABARBRA-SANMAR-SANLUOB DMA,SANTA BARBARA - SANTA MARIA - SAN LUIS OBISPO,855,634100,291200,81100,21900,32100,54000,52600,116300,43800,19900,20200,42100,58600,289600,75700,21200,28300,49500,46500,104700,39600,18600,19800,45700,69900,53300
285,SAVANNAH DMA,SAVANNAH,507,835100,372500,93500,24600,31500,56100,71400,158000,59500,27100,27100,54200,77100,389300,85000,21900,27200,49100,66800,154000,59700,27500,29300,62600,94300,73300
39,SEATTLE-TACOMA DMA,SEATTLE - TACOMA,819,4749300,2166700,438000,101600,138400,240000,429100,996200,388700,178400,177800,347900,404800,2195100,409900,94700,125700,220400,396000,948400,377900,174500,176900,364000,485400,387500
708,SHERMAN-ADA DMA,"SHERMAN, TX - ADA, OK",657,297300,130400,30500,7400,8900,16300,21900,51900,20200,9800,10300,21800,30100,138800,29500,7200,8400,15600,21700,52300,20500,10100,10700,23400,36800,28100
111,SHREVEPORT DMA,SHREVEPORT,612,842800,367300,89100,21000,26900,47900,64600,151300,59000,27700,28900,60200,79000,394800,83800,19300,25000,44300,63400,153800,61100,29300,30600,65800,100300,80700
523,SIOUX CITY DMA,SIOUX CITY,624,340100,151700,37400,9500,10800,20300,24100,58300,23400,10800,11600,27400,34100,154900,35900,9100,10400,19500,22100,55700,22900,10700,11500,26700,41500,33500
319,SIOUX FALLS(MITCHELL) DMA,SIOUX FALLS (MITCHELL),725,603600,273700,67100,16600,20700,37300,47400,112100,44500,20200,21200,46000,57100,271500,63200,15700,18900,34600,42700,103600,42300,18600,19800,45700,67800,58400
287,SOUTH BEND-ELKHART DMA,SOUTH BEND - ELKHART,588,760300,334100,83200,20300,24500,44800,55500,133500,52300,25700,27600,57500,70700,351300,80000,20100,23400,43500,54400,133500,52700,26400,27900,59700,86700,74900
177,SPOKANE DMA,SPOKANE,881,1050800,475400,111500,28400,36100,64500,81200,187700,72700,33800,35300,79100,108800,483100,105000,26600,33100,59700,76900,182200,71000,34300,36000,84000,121200,92300
117,SPRINGFIELD-HOLYOKE DMA,SPRINGFIELD - HOLYOKE,543,617800,268400,68400,20100,23100,43200,44800,101600,37900,18900,21400,46400,55800,299800,71000,23000,23600,46600,44100,106200,41100,21000,23500,51300,72200,49600
203,"SPRINGFIELD, MO DMA","SPRINGFIELD, MO",619,955900,429200,101400,25800,32900,58700,67500,160000,62400,30100,33000,72300,105200,444400,91400,23000,28800,51800,65000,157500,61600,30900,33400,77300,124400,82300
91,SYRACUSE DMA,SYRACUSE,555,862700,385800,96300,28700,32100,60800,64300,146800,55400,27100,31200,68100,78900,407400,94900,29800,31100,60900,61800,145600,55500,28300,32300,70700,97900,69500
333,TALLAHASSEE-THOMASVILLE DMA,TALLAHASSEE - THOMASVILLE,530,659300,293500,80900,20500,32000,52500,55900,121600,44600,21100,21600,43000,54800,309900,81400,21800,32100,53900,51700,116800,43800,21300,22300,47800,69100,55900
87,TAMPA-ST. PETE (SARASOTA) DMA,TAMPA - SAINT PETERSBURG (SARASOTA),539,4427700,1956700,372400,86900,111600,198500,300200,732900,286400,146300,157700,326100,541500,2130600,357100,82800,107800,190600,303800,756200,299000,153400,166400,368100,649300,340400
307,TERRE HAUTE DMA,TERRE HAUTE,581,319200,147300,35200,9100,11900,21000,25500,59500,22900,11100,11700,24700,30400,144300,31200,7900,9900,17800,21600,52100,20200,10300,11200,24700,38500,27600
97,TOLEDO DMA,TOLEDO,547,902000,399700,94700,24000,29600,53600,67700,158600,60800,30100,32300,70500,84700,422100,90500,23300,28100,51400,65800,157500,61100,30600,33100,74200,105900,80200
205,TOPEKA DMA,TOPEKA,605,387600,175200,50300,13200,19000,32200,31700,69700,26200,11800,11800,26600,34900,176800,44600,11300,15800,27100,29000,66400,26100,11300,12400,28400,42500,35600
535,TRAVERSE CITY-CADILLAC DMA,TRAVERSE CITY - CADILLAC,540,543500,251100,48900,11800,15500,27300,34600,84200,32500,17100,19300,49300,71000,250900,44700,11000,13800,24800,31400,78500,30900,16200,19000,51700,76900,41500
345,"TRI-CITIES, TN-VA DMA","TRI-CITIES, TN-VA",531,689900,312000,61000,15200,18700,33900,47800,118100,45000,25300,27000,55600,77400,325000,57600,14000,17800,31800,44200,113100,44000,24900,27500,58900,93700,52900
207,TUCSON (SIERRA VISTA) DMA,TUCSON (SIERRA VISTA),789,1053000,470600,112700,27600,39000,66600,84200,187000,70500,32300,32800,70000,114200,491700,107200,26100,36500,62600,78000,180100,68900,33200,34700,78100,136200,90700
103,TULSA DMA,TULSA,671,1205600,529800,127400,29300,38100,67400,92400,222000,88100,41500,42800,87400,110200,558900,119400,27600,34900,62500,92100,222800,88400,42300,43700,93200,136700,116900
723,TWIN FALLS DMA,TWIN FALLS,760,163700,72200,19300,4300,5400,9700,12500,30500,12400,5600,5300,11700,15000,72700,18100,3800,5100,8900,12400,29600,11900,5300,5300,11800,17100,18800
502,TYLER-LONGVIEW(LFKN&NCGD) DMA,TYLER - LONGVIEW (LUFKIN & NACOGDOCHES),709,652100,286900,72300,17700,22400,40100,49100,115200,44800,21300,22600,46100,62900,302000,68700,17000,20700,37700,48500,115100,44700,21900,23000,48900,77300,63200
295,UTICA DMA,UTICA,526,232900,105400,24300,6800,8000,14800,16400,38900,14800,7700,8600,18800,24300,108700,23600,6900,7400,14300,15500,36700,14000,7200,8700,19400,29600,18800
551,VICTORIA DMA,VICTORIA,626,77400,33600,8400,1900,2500,4400,6500,14600,5700,2400,2400,5400,6800,35900,8200,1800,2500,4300,6200,14600,5800,2600,2600,5800,8600,7900
309,WACO-TEMPLE-BRYAN DMA,WACO - TEMPLE - BRYAN,625,915300,409300,127600,32900,49900,82800,85500,181200,67300,28400,27600,53200,64500,418100,114500,29000,42400,71400,80700,179200,68400,30100,29100,58700,79700,87900
15,"WASHINGTON, DC (HAGRSTWN) DMA",WASHINGTON DC (HAGERSTOWN),511,6049100,2670500,592000,142200,177000,319200,500100,1229200,492800,236300,241100,435800,445200,2842900,572800,138500,171400,309900,505600,1253800,503200,245000,251600,465600,562000,535700
577,WATERTOWN DMA,WATERTOWN,549,206500,98200,26500,7500,9900,17400,19300,40800,14900,6600,7200,15000,17800,90600,21300,6200,6500,12700,15200,34600,13200,6200,6900,15200,21200,17700
701,WAUSAU-RHINELANDER DMA,WAUSAU - RHINELANDER,705,389300,179300,37200,9200,11800,21000,24900,62500,24900,12700,14800,36000,45000,178400,34300,8400,10500,18900,23100,59100,23600,12400,14600,35200,50600,31600
299,WEST PALM BEACH-FT. PIERCE DMA,WEST PALM BEACH - FORT PIERCE,548,1932600,860500,159200,36900,48600,85500,127200,310500,120700,62600,68300,140600,255600,927900,150300,34300,45500,79800,120700,307700,121600,65400,72300,156500,311600,144200
179,WHEELING-STEUBENVILLE DMA,WHEELING - STEUBENVILLE,554,280600,128200,24900,6000,8000,14000,18300,45400,17600,9500,10400,25500,32900,131300,23400,6000,7200,13200,16700,43000,16800,9500,10100,25000,40000,21100
125,WICHITA-HUTCHINSON PLUS DMA,WICHITA - HUTCHINSON,678,1006900,449500,112500,27000,33700,60700,78500,184300,72400,33400,34500,76400,93600,456300,103700,23900,30500,54400,73500,176100,70500,32100,34200,78300,113300,101100
209,WICHITA FALLS & LAWTON DMA,WICHITA FALLS & LAWTON,627,354300,164300,43500,12400,14900,27300,31400,68400,25800,11200,11700,25400,31500,157800,35000,8500,10500,19000,27200,62200,24000,11000,11700,26400,38500,32200
175,WILKES BARRE-SCRANTON-HZTN DMA,WILKES BARRE - SCRANTON,577,1312200,597400,124700,32400,39300,71700,95300,225700,85100,45300,51100,110500,138400,611200,118400,31000,36800,67800,83500,209000,81200,44300,50200,111900,172300,103600
377,WILMINGTON DMA,WILMINGTON,550,469000,207000,40900,10000,13400,23400,32000,78100,30400,15700,15800,35300,54400,227300,41100,10600,13300,23900,31600,78600,31200,15800,17200,41900,65700,34700
325,YAKIMA-PASCO-RCHLND-KNNWCK DMA,YAKIMA - PASCO - RICHLAND - KENNEWICK,810,624200,280600,76300,17800,23700,41500,53700,123800,48300,21800,21000,42100,52200,275500,71600,16700,21600,38300,48500,114500,45400,20600,20600,42400,59700,68100
129,YOUNGSTOWN DMA,YOUNGSTOWN,536,554900,248600,51600,12400,16200,28600,37900,92100,35400,18800,20300,46600,61000,261500,48200,11500,14900,26400,34800,87100,33900,18400,20500,49700,77800,44800
711,YUMA-EL CENTRO DMA,YUMA - EL CENTRO,771,327900,150900,42700,9800,15000,24800,32200,67200,24500,10500,10100,19100,29700,142000,35800,8000,10700,18700,25300,57700,21900,10500,10600,20900,34100,35000
722,ZANESVILLE DMA,ZANESVILLE,596,73300,32000,7400,1800,2300,4100,5100,12400,4800,2500,2800,5700,7000,34800,7100,1700,2200,3900,5200,12900,5100,2600,2900,6100,9000,6500
0,Total US,Total US,0,281617900,124939000,28926800,7010900,9056800,16067700,22676200,53560700,20844400,10040100,10357600,20497900,24455100,131475600,27495200,6658800,8492200,15151000,21936000,53157300,20965600,10255700,10713700,21967500,30486100,25203300
